Workbook

Sheet Install Log
A1: Referral Program CAC Tracker — Install Log
A2: Legend: Blue text = enter manually. Yellow fill = editable rate assumptions (update after the validation phase). Black text = auto-calculated — do not edit.
A3: Commission Rate (all tiers): | D3: 0.05
A4: Discount Rate – Above 250k: | D4: 0.04
A5: Discount Rate – 150k–250k: | D5: 0.03
A7: Install # | B7: Referral Code | C7: Referrer Name | D7: Installation Date | E7: Installation Value (KES) | F7: Tier | G7: Commission % | H7: Commission Paid (KES) | I7: Discount % | J7: Discount Given (KES) | K7: Cost of Materials/Labor/Logistics (KES) | L7: Gross Margin (KES) | M7: Gross Margin % | N7: Overhead Allocation (KES) | O7: Total Acquisition Cost (KES) | P7: CAC % of Deal Value | Q7: CAC-to-Margin Ratio | R7: Flag
A8: =ROW()-7 -> 1 | B8: MF-0001 | C8: Sample Referrer | D8: 46037 | E8: 275000 | F8: =IF(E8="","",IF(E8>=250000,"Above 250k",IF(E8>=150000,"150k-250k","Below 150k"))) -> Above 250k | G8: =IF(E8="","",$D$3) -> 0.05 | H8: =IF(E8="","",E8*G8) -> 13750 | I8: =IF(F8="","",IF(F8="Above 250k",$D$4,IF(F8="150k-250k",$D$5,0))) -> 0.04 | J8: =IF(E8="","",E8*I8) -> 11000 | K8: 190000 | L8: =IF(OR(E8="",K8=""),"",E8-K8) -> 85000 | M8: =IF(OR(L8="",E8="",E8=0),"",L8/E8) -> 0.30909091 | N8: 3000 | O8: =IF(OR(E8="",N8=""),"",H8+J8+N8) -> 27750 | P8: =IF(OR(O8="",E8="",E8=0),"",O8/E8) -> 0.10090909 | Q8: =IF(OR(O8="",L8="",L8=0),"",O8/L8) -> 0.32647059 | R8: =IF(Q8="","",IF(Q8>0.4,"High Risk",IF(Q8>=0.3,"Caution","Healthy"))) -> Caution
A9: =ROW()-7 -> 2 | F9: =IF(E9="","",IF(E9>=250000,"Above 250k",IF(E9>=150000,"150k-250k","Below 150k"))) | G9: =IF(E9="","",$D$3) | H9: =IF(E9="","",E9*G9) | I9: =IF(F9="","",IF(F9="Above 250k",$D$4,IF(F9="150k-250k",$D$5,0))) | J9: =IF(E9="","",E9*I9) | L9: =IF(OR(E9="",K9=""),"",E9-K9) | M9: =IF(OR(L9="",E9="",E9=0),"",L9/E9) | O9: =IF(OR(E9="",N9=""),"",H9+J9+N9) | P9: =IF(OR(O9="",E9="",E9=0),"",O9/E9) | Q9: =IF(OR(O9="",L9="",L9=0),"",O9/L9) | R9: =IF(Q9="","",IF(Q9>0.4,"High Risk",IF(Q9>=0.3,"Caution","Healthy")))
A10: =ROW()-7 -> 3 | F10: =IF(E10="","",IF(E10>=250000,"Above 250k",IF(E10>=150000,"150k-250k","Below 150k"))) | G10: =IF(E10="","",$D$3) | H10: =IF(E10="","",E10*G10) | I10: =IF(F10="","",IF(F10="Above 250k",$D$4,IF(F10="150k-250k",$D$5,0))) | J10: =IF(E10="","",E10*I10) | L10: =IF(OR(E10="",K10=""),"",E10-K10) | M10: =IF(OR(L10="",E10="",E10=0),"",L10/E10) | O10: =IF(OR(E10="",N10=""),"",H10+J10+N10) | P10: =IF(OR(O10="",E10="",E10=0),"",O10/E10) | Q10: =IF(OR(O10="",L10="",L10=0),"",O10/L10) | R10: =IF(Q10="","",IF(Q10>0.4,"High Risk",IF(Q10>=0.3,"Caution","Healthy")))
A11: =ROW()-7 -> 4 | F11: =IF(E11="","",IF(E11>=250000,"Above 250k",IF(E11>=150000,"150k-250k","Below 150k"))) | G11: =IF(E11="","",$D$3) | H11: =IF(E11="","",E11*G11) | I11: =IF(F11="","",IF(F11="Above 250k",$D$4,IF(F11="150k-250k",$D$5,0))) | J11: =IF(E11="","",E11*I11) | L11: =IF(OR(E11="",K11=""),"",E11-K11) | M11: =IF(OR(L11="",E11="",E11=0),"",L11/E11) | O11: =IF(OR(E11="",N11=""),"",H11+J11+N11) | P11: =IF(OR(O11="",E11="",E11=0),"",O11/E11) | Q11: =IF(OR(O11="",L11="",L11=0),"",O11/L11) | R11: =IF(Q11="","",IF(Q11>0.4,"High Risk",IF(Q11>=0.3,"Caution","Healthy")))
A12: =ROW()-7 -> 5 | F12: =IF(E12="","",IF(E12>=250000,"Above 250k",IF(E12>=150000,"150k-250k","Below 150k"))) | G12: =IF(E12="","",$D$3) | H12: =IF(E12="","",E12*G12) | I12: =IF(F12="","",IF(F12="Above 250k",$D$4,IF(F12="150k-250k",$D$5,0))) | J12: =IF(E12="","",E12*I12) | L12: =IF(OR(E12="",K12=""),"",E12-K12) | M12: =IF(OR(L12="",E12="",E12=0),"",L12/E12) | O12: =IF(OR(E12="",N12=""),"",H12+J12+N12) | P12: =IF(OR(O12="",E12="",E12=0),"",O12/E12) | Q12: =IF(OR(O12="",L12="",L12=0),"",O12/L12) | R12: =IF(Q12="","",IF(Q12>0.4,"High Risk",IF(Q12>=0.3,"Caution","Healthy")))
A13: =ROW()-7 -> 6 | F13: =IF(E13="","",IF(E13>=250000,"Above 250k",IF(E13>=150000,"150k-250k","Below 150k"))) | G13: =IF(E13="","",$D$3) | H13: =IF(E13="","",E13*G13) | I13: =IF(F13="","",IF(F13="Above 250k",$D$4,IF(F13="150k-250k",$D$5,0))) | J13: =IF(E13="","",E13*I13) | L13: =IF(OR(E13="",K13=""),"",E13-K13) | M13: =IF(OR(L13="",E13="",E13=0),"",L13/E13) | O13: =IF(OR(E13="",N13=""),"",H13+J13+N13) | P13: =IF(OR(O13="",E13="",E13=0),"",O13/E13) | Q13: =IF(OR(O13="",L13="",L13=0),"",O13/L13) | R13: =IF(Q13="","",IF(Q13>0.4,"High Risk",IF(Q13>=0.3,"Caution","Healthy")))
A14: =ROW()-7 -> 7 | F14: =IF(E14="","",IF(E14>=250000,"Above 250k",IF(E14>=150000,"150k-250k","Below 150k"))) | G14: =IF(E14="","",$D$3) | H14: =IF(E14="","",E14*G14) | I14: =IF(F14="","",IF(F14="Above 250k",$D$4,IF(F14="150k-250k",$D$5,0))) | J14: =IF(E14="","",E14*I14) | L14: =IF(OR(E14="",K14=""),"",E14-K14) | M14: =IF(OR(L14="",E14="",E14=0),"",L14/E14) | O14: =IF(OR(E14="",N14=""),"",H14+J14+N14) | P14: =IF(OR(O14="",E14="",E14=0),"",O14/E14) | Q14: =IF(OR(O14="",L14="",L14=0),"",O14/L14) | R14: =IF(Q14="","",IF(Q14>0.4,"High Risk",IF(Q14>=0.3,"Caution","Healthy")))
A15: =ROW()-7 -> 8 | F15: =IF(E15="","",IF(E15>=250000,"Above 250k",IF(E15>=150000,"150k-250k","Below 150k"))) | G15: =IF(E15="","",$D$3) | H15: =IF(E15="","",E15*G15) | I15: =IF(F15="","",IF(F15="Above 250k",$D$4,IF(F15="150k-250k",$D$5,0))) | J15: =IF(E15="","",E15*I15) | L15: =IF(OR(E15="",K15=""),"",E15-K15) | M15: =IF(OR(L15="",E15="",E15=0),"",L15/E15) | O15: =IF(OR(E15="",N15=""),"",H15+J15+N15) | P15: =IF(OR(O15="",E15="",E15=0),"",O15/E15) | Q15: =IF(OR(O15="",L15="",L15=0),"",O15/L15) | R15: =IF(Q15="","",IF(Q15>0.4,"High Risk",IF(Q15>=0.3,"Caution","Healthy")))
A16: =ROW()-7 -> 9 | F16: =IF(E16="","",IF(E16>=250000,"Above 250k",IF(E16>=150000,"150k-250k","Below 150k"))) | G16: =IF(E16="","",$D$3) | H16: =IF(E16="","",E16*G16) | I16: =IF(F16="","",IF(F16="Above 250k",$D$4,IF(F16="150k-250k",$D$5,0))) | J16: =IF(E16="","",E16*I16) | L16: =IF(OR(E16="",K16=""),"",E16-K16) | M16: =IF(OR(L16="",E16="",E16=0),"",L16/E16) | O16: =IF(OR(E16="",N16=""),"",H16+J16+N16) | P16: =IF(OR(O16="",E16="",E16=0),"",O16/E16) | Q16: =IF(OR(O16="",L16="",L16=0),"",O16/L16) | R16: =IF(Q16="","",IF(Q16>0.4,"High Risk",IF(Q16>=0.3,"Caution","Healthy")))
A17: =ROW()-7 -> 10 | F17: =IF(E17="","",IF(E17>=250000,"Above 250k",IF(E17>=150000,"150k-250k","Below 150k"))) | G17: =IF(E17="","",$D$3) | H17: =IF(E17="","",E17*G17) | I17: =IF(F17="","",IF(F17="Above 250k",$D$4,IF(F17="150k-250k",$D$5,0))) | J17: =IF(E17="","",E17*I17) | L17: =IF(OR(E17="",K17=""),"",E17-K17) | M17: =IF(OR(L17="",E17="",E17=0),"",L17/E17) | O17: =IF(OR(E17="",N17=""),"",H17+J17+N17) | P17: =IF(OR(O17="",E17="",E17=0),"",O17/E17) | Q17: =IF(OR(O17="",L17="",L17=0),"",O17/L17) | R17: =IF(Q17="","",IF(Q17>0.4,"High Risk",IF(Q17>=0.3,"Caution","Healthy")))
A18: =ROW()-7 -> 11 | F18: =IF(E18="","",IF(E18>=250000,"Above 250k",IF(E18>=150000,"150k-250k","Below 150k"))) | G18: =IF(E18="","",$D$3) | H18: =IF(E18="","",E18*G18) | I18: =IF(F18="","",IF(F18="Above 250k",$D$4,IF(F18="150k-250k",$D$5,0))) | J18: =IF(E18="","",E18*I18) | L18: =IF(OR(E18="",K18=""),"",E18-K18) | M18: =IF(OR(L18="",E18="",E18=0),"",L18/E18) | O18: =IF(OR(E18="",N18=""),"",H18+J18+N18) | P18: =IF(OR(O18="",E18="",E18=0),"",O18/E18) | Q18: =IF(OR(O18="",L18="",L18=0),"",O18/L18) | R18: =IF(Q18="","",IF(Q18>0.4,"High Risk",IF(Q18>=0.3,"Caution","Healthy")))
A19: =ROW()-7 -> 12 | F19: =IF(E19="","",IF(E19>=250000,"Above 250k",IF(E19>=150000,"150k-250k","Below 150k"))) | G19: =IF(E19="","",$D$3) | H19: =IF(E19="","",E19*G19) | I19: =IF(F19="","",IF(F19="Above 250k",$D$4,IF(F19="150k-250k",$D$5,0))) | J19: =IF(E19="","",E19*I19) | L19: =IF(OR(E19="",K19=""),"",E19-K19) | M19: =IF(OR(L19="",E19="",E19=0),"",L19/E19) | O19: =IF(OR(E19="",N19=""),"",H19+J19+N19) | P19: =IF(OR(O19="",E19="",E19=0),"",O19/E19) | Q19: =IF(OR(O19="",L19="",L19=0),"",O19/L19) | R19: =IF(Q19="","",IF(Q19>0.4,"High Risk",IF(Q19>=0.3,"Caution","Healthy")))
A20: =ROW()-7 -> 13 | F20: =IF(E20="","",IF(E20>=250000,"Above 250k",IF(E20>=150000,"150k-250k","Below 150k"))) | G20: =IF(E20="","",$D$3) | H20: =IF(E20="","",E20*G20) | I20: =IF(F20="","",IF(F20="Above 250k",$D$4,IF(F20="150k-250k",$D$5,0))) | J20: =IF(E20="","",E20*I20) | L20: =IF(OR(E20="",K20=""),"",E20-K20) | M20: =IF(OR(L20="",E20="",E20=0),"",L20/E20) | O20: =IF(OR(E20="",N20=""),"",H20+J20+N20) | P20: =IF(OR(O20="",E20="",E20=0),"",O20/E20) | Q20: =IF(OR(O20="",L20="",L20=0),"",O20/L20) | R20: =IF(Q20="","",IF(Q20>0.4,"High Risk",IF(Q20>=0.3,"Caution","Healthy")))
... A37: =ROW()-7 -> 30 | F37: =IF(E37="","",IF(E37>=250000,"Above 250k",IF(E37>=150000,"150k-250k","Below 150k"))) | G37: =IF(E37="","",$D$3) | H37: =IF(E37="","",E37*G37) | I37: =IF(F37="","",IF(F37="Above 250k",$D$4,IF(F37="150k-250k",$D$5,0))) | J37: =IF(E37="","",E37*I37) | L37: =IF(OR(E37="",K37=""),"",E37-K37) | M37: =IF(OR(L37="",E37="",E37=0),"",L37/E37) | O37: =IF(OR(E37="",N37=""),"",H37+J37+N37) | P37: =IF(OR(O37="",E37="",E37=0),"",O37/E37) | Q37: =IF(OR(O37="",L37="",L37=0),"",O37/L37) | R37: =IF(Q37="","",IF(Q37>0.4,"High Risk",IF(Q37>=0.3,"Caution","Healthy")))
A39: Note: Tier and rate thresholds reflect the referral program structure as of 2026-08-06 (source: program terms provided by G&P Solar Systems). Installs below KES 150,000 are logged with Tier = "Below 150k" and a 0% discount rate pending a decision on whether they qualify for the program.

Sheet Summary Dashboard
A1: Referral Program CAC Tracker — Summary Dashboard
A3: Installs Logged | B3: =COUNT('Install Log'!E8:E37) -> 1 | C3: of 30
A4: Total Installation Value (KES) | B4: =SUM('Install Log'!E8:E37) -> 275000
A5: Total Commissions Paid (KES) | B5: =SUM('Install Log'!H8:H37) -> 13750
A6: Total Discounts Given (KES) | B6: =SUM('Install Log'!J8:J37) -> 11000
A7: Total Overhead Allocated (KES) | B7: =SUM('Install Log'!N8:N37) -> 3000
A9: Blended CAC Metrics
A10: Average Deal Value (KES) | B10: =IF(COUNT('Install Log'!E8:E37)=0,"",SUM('Install Log'!E8:E37)/COUNT('Install Log'!E8:E37)) -> 275000
A11: Blended CAC (KES) | B11: =IF(COUNT('Install Log'!E8:E37)=0,"",SUM('Install Log'!O8:O37)/COUNT('Install Log'!E8:E37)) -> 27750
A12: Blended CAC % of Avg Deal Value | B12: =IF(OR(B10="",B10=0),"",B11/B10) -> 0.10090909
A13: Average Gross Margin % | B13: =IFERROR(AVERAGE('Install Log'!M8:M37),"") -> 0.30909091
A14: Average CAC-to-Margin Ratio | B14: =IFERROR(AVERAGE('Install Log'!Q8:Q37),"") -> 0.32647059
A16: Trend Check — Installs 1–15 vs 16–30
A17: Avg CAC-to-Margin Ratio, Installs 1–15 | B17: =IFERROR(AVERAGE('Install Log'!Q8:Q22),"") -> 0.32647059
A18: Avg CAC-to-Margin Ratio, Installs 16–30 | B18: =IFERROR(AVERAGE('Install Log'!Q23:Q37),"")
A19: Trend Indicator | B19: =IF(OR(B17="",B18=""),"Insufficient Data",IF(B18>B17*1.05,"Climbing",IF(B18<B17*0.95,"Improving","Stable"))) -> Insufficient Data
A20: Assumption: "Climbing" = 2nd-half average ratio more than 5% above the 1st-half average; "Improving" = more than 5% below. Adjust the 1.05 / 0.95 multipliers in the formula if a different sensitivity is wanted.
A22: Program Status
A23: =IF(B14="","INSUFFICIENT DATA",IF(B14>0.4,"RENEGOTIATE TERMS",IF(B14>=0.35,"REVIEW NEEDED",IF(B19="Climbing","REVIEW NEEDED","SAFE TO SCALE")))) -> SAFE TO SCALE
A28: Thresholds: RENEGOTIATE TERMS if Average CAC-to-Margin Ratio > 0.40 · REVIEW NEEDED if 0.35–0.40, or under 0.35 while the trend is "Climbing" · SAFE TO SCALE if under 0.35 and the trend is not "Climbing".
